species,USDA_symbol,plot,plant_number,SRL
LARA,LARA,non_plot,all,NA
LOMN,LOPE,non_plot,8,9208.396103896104
LOMU,LOPE,non_plot,8,9208.883116883117
LOMU,LOPE,non_plot,7,6062.17027863777
LOMU,LOPE,non_plot,6,6487.481818181819
LOMU,LOPE,non_plot,5,4476.23352165725
LOMU,LOPE,non_plot,4,5428.315112540194
LOMU,LOPE,non_plot,3,4741.4922279792745
LOMU,LOPE,non_plot,2,8019.3829787234035
LOMU,LOPE,non_plot,1,5744.309236947792
VUMY,FEMY2,non_plot,1,9719.418918918918
VUMY,FEMY2,non_plot,2,14958.117647058823
VUMY,FEMY2,non_plot,3,20583.967741935485
VUMY,FEMY2,non_plot,4,18431.905759162306
VUMY,FEMY2,non_plot,5,14657.05223880597
VUMY,FEMY2,non_plot,6,11741.2
VUMY,FEMY2,non_plot,7,14293.19014084507
VUMY,FEMY2,non_plot,7,8260.31690140845
VUMY,FEMY2,non_plot,8,11392.742857142857
ACMO,ACMO2,non_plot,1,18312.714285714286
ACMO,ACMO2,non_plot,2,5458.3538461538465
ACMO,ACMO2,non_plot,3,3638.983695652174
ACMO,ACMO2,non_plot,4,3896.746666666667
ACMO,ACMO2,non_plot,5,3311.987654320988
ACMO,ACMO2,non_plot,6,2795.9555555555557
ACMO,ACMO2,non_plot,7,4784.642857142857
ACMO,ACMO2,non_plot,8,7195.875
NA,NA,non_plot,dummy,NA
NA,NA,non_plot,dummy,NA
NA,NA,non_plot,dummy,NA
GAAP,GAAP2,non_plot,2,5404.523809523809
GAAP,GAAP2,non_plot,1,7913.7
GAAP,GAAP2,non_plot,4,5339.3892617449665
GAAP,GAAP2,non_plot,5,5750.328358208955
GAAP,GAAP2,non_plot,6,8294.345864661655
GAAP,GAAP2,non_plot,7,5529.992063492063
GAAP,GAAP2,non_plot,7,6342.769841269841
GAAP,GAAP2,non_plot,8,12859.516129032258
AMME,AMME,753,1,2467.475
AVBA,AVBA,non_plot,1,NA
AVBA,AVBA,non_plot,1,NA
AVBA,AVBA,non_plot,2,NA
AVBA,AVBA,non_plot,2,NA
AVBA,AVBA,non_plot,2,NA
AVBA,AVBA,non_plot,4,NA
AVBA,AVBA,non_plot,3,NA
AVBA,AVBA,non_plot,5,NA
AVBA,AVBA,non_plot,6,NA
AVBA,AVBA,non_plot,6,NA
TOAR,TOAR,non_plot,1,28060.875
TOAR,TOAR,non_plot,1,25985.173611111113
TOAR,TOAR,non_plot,1,30063.944444444445
TOAR,TOAR,non_plot,1,50767.73611111111
TOAR,TOAR,non_plot,1,47860.9375
TOAR,TOAR,non_plot,2,33933.9358974359
TOAR,TOAR,non_plot,2,36801.23076923077
TOAR,TOAR,non_plot,1,39195.21527777778
AVFA,AVFA,non_plot,5,NA
AVFA,AVFA,non_plot,6,NA
AVFA,AVFA,non_plot,6,NA
AVBA,AVBA,non_plot,7,NA
AVBA,AVBA,non_plot,8,NA
AVFA,AVFA,non_plot,1,NA
AVFA,AVFA,non_plot,2,NA
AVFA,AVFA,non_plot,7,NA
AVFA,AVFA,non_plot,7,NA
AVFA,AVFA,non_plot,8,NA
AVFA,AVFA,non_plot,8,NA
CAPY,CAPY2,non_plot,1,NA
CAPY,CAPY2,non_plot,2,NA
CAPY,CAPY2,non_plot,2,NA
CAPY,CAPY2,non_plot,3,NA
CAPY,CAPY2,non_plot,3,NA
CAPY,CAPY2,non_plot,4,NA
CAPY,CAPY2,non_plot,5A,NA
CAPY,CAPY2,non_plot,5B,NA
CAPY,CAPY2,non_plot,5B,NA
CAPY,CAPY2,non_plot,5B,NA
CAPY,CAPY2,non_plot,6,NA
CAPY,CAPY2,non_plot,7,NA
CAPY,CAPY2,non_plot,7,NA
CAPY,CAPY2,non_plot,7,NA
CAPY,CAPY2,non_plot,8,NA
CAPY,CAPY2,non_plot,8,NA
CAPY,CAPY2,non_plot,8,NA
BRDI,BRDI3,non_plot,2,4290.997518610421
BRDI,BRDI3,non_plot,3,4597.690104166667
BRDI,BRDI3,non_plot,4,3279.214953271028
BRDI,BRDI3,non_plot,5,4370.807860262009
BRDI,BRDI3,non_plot,5,4617.371179039301
BRDI,BRDI3,non_plot,6,3691.9880952380954
BRDI,BRDI3,non_plot,7,5055.381520119225
BRDI,BRDI3,non_plot,8,5073.074074074075
ANAR,ANAR,non_plot,1,5799.878787878788
ANAR,ANAR,non_plot,2,9133.933333333334
ANAR,ANAR,non_plot,3,7255.603174603174
ANAR,ANAR,non_plot,4,5284.991379310345
ANAR,ANAR,non_plot,5,8394.227272727272
ANAR,ANAR,non_plot,6,7204.141176470587
ANAR,ANAR,non_plot,7,8808.489583333334
ANAR,ANAR,non_plot,7,7751.875000000001
ANAR,ANAR,non_plot,8,7690.971014492754
MIDO,MIDO,non_plot,1,8877.618181818183
MIDO,MIDO,non_plot,2,8356.211764705882
MIDO,MIDO,non_plot,3,9165.976744186046
MIDO,MIDO,non_plot,4,3134.1617647058824
MIDO,MIDO,non_plot,5,4173.227848101265
MIDO,MIDO,non_plot,6,6836.947916666667
MIDO,MIDO,non_plot,7,9638.366197183099
MIDO,MIDO,non_plot,8,9419.333333333332
LESP,LEPA51,non_plot,1,17684.611111111113
LESP,LEPA51,non_plot,2,4825.294117647059
LESP,LEPA51,non_plot,3,14375.81818181818
LESP,LEPA51,non_plot,4,16187.636363636362
LESP,LEPA51,non_plot,5,12943.642857142857
LESP,LEPA51,non_plot,6,7512.952380952382
LESP,LEPA51,non_plot,7,14742.400000000001
LESP,LEPA51,non_plot,8,7395.133333333333
LEBO,LEBI4,non_plot,1,3588.404651162791
LEBO,LEBI4,non_plot,1,3148.297674418605
LEBO,LEBI4,non_plot,1,3068.0883720930233
LEBO,LEBI4,non_plot,2,16479.674418604653
LEBO,LEBI4,non_plot,2,15661.58139534884
LEBO,LEBI4,non_plot,3,8679.01204819277
LEBO,LEBI4,non_plot,4,6276.86
LEBO,LEBI4,non_plot,5,12225.452631578948
LEBO,LEBI4,non_plot,6,1455.1546391752577
LEBO,LEBI4,non_plot,7,4438.857142857143
LEBO,LEBI4,non_plot,8,12387.060606060606
CACO,CACO35,non_plot,1,2392.162162162162
CACO,CACO35,non_plot,2,5216.606557377049
CACO,CACO35,non_plot,3,2136.221052631579
CACO,CACO35,non_plot,4,2789.633663366337
CACO,CACO35,non_plot,5,2173.58024691358
CACO,CACO35,non_plot,6,6109.000000000001
CACO,CACO35,non_plot,7,1917.904761904762
CACO,CACO35,non_plot,8,2095.6093750000005
GILIA,GIOC,non_plot,7,6770.711538461539
GILIA,GIOC,non_plot,5,16725.5
GILIA,GIOC,non_plot,4,20366.75
GILIA,GIOC,non_plot,3,9152.467741935485
GILIA,GIOC,non_plot,2,19430.090909090908
GILIA,GIOC,non_plot,8,10058.142857142857
GILIA,GIOC,non_plot,1,54080.294117647056
GILIA,GIOC,non_plot,6,6430.658227848101
LASE,LASE,non_plot,2,7921.671428571429
LASE,LASE,non_plot,5,12918.14705882353
LARA,LARA,non_plot,8,7181.531249999999
LASE,LASE,non_plot,7,27390.3
LASE,LASE,non_plot,6,14547.784615384615
LASE,LASE,non_plot,8,25723.181818181816
AGHE,AGHE2,763,5,NA
AGHE,AGHE2,752,2,NA
AGHE,AGHE2,763,2,NA
AGHE,AGHE2,754,1,NA
AGHE,AGHE2,751,4,NA
AGHE,AGHE2,757,3,NA
AGHE,AGHE2,757,3,NA
AGHE,AGHE2,757,4,NA
AGHE,AGHE2,763,3,NA
AGHE,AGHE2,754,2,NA
AGHE,AGHE2,752,1,NA
AGHE,AGHE2,751,5,NA
AGHE,AGHE2,761,1,NA
AGHE,AGHE2,761,3,NA
AGHE,AGHE2,763,1,NA
AGHE,AGHE2,761,4,NA
TOAR,TOAR,non_plot,3,4595.242105263158
TOAR,TOAR,non_plot,4,12201.362637362636
TOAR,TOAR,non_plot,5,16549.922222222223
TOAR,TOAR,non_plot,6,32450.329545454544
TOAR,TOAR,non_plot,7,13707.120567375887
TOAR,TOAR,non_plot,8,34765.66981132075
BOIN,BOIN3,non_plot,1,34498.42222222222
BOIN,BOIN3,non_plot,2,35152.49056603773
BOIN,BOIN3,non_plot,3,13303.727272727272
BOIN,BOIN3,non_plot,4,12660.316666666666
BOIN,BOIN3,non_plot,5,9301.666666666668
BOIN,BOIN3,non_plot,6,13397.763358778626
BOIN,BOIN3,non_plot,7,10538.075471698112
BOIN,BOIN3,non_plot,8,14767.067796610168
BRDI,BRDI3,non_plot,1,6170.170731707317
CHPA,CHPA8,non_plot,5,5891.0887096774195
CHPA,CHPA8,non_plot,4,5286.890243902439
CHPA,CHPA8,non_plot,2,12143.04761904762
CHPA,CHPA8,non_plot,1,4811.431034482759
CHPA,CHPA8,non_plot,3,2151.3457943925237
CHPA,CHPA8,non_plot,7,4268.2830188679245
CHPA,CHPA8,non_plot,8,7731.295774647887
CHPA,CHPA8,non_plot,6,11365.999999999998
AGHE,AGHE2,749,5,20141.22807017544
AGHE,AGHE2,757,2,4399.278481012658
AGHE,AGHE2,Comp,3,NA
AGHE,AGHE2,751,1,3589.2121212121215
AGHE,AGHE2,751,2,6531.571428571428
AGHE,AGHE2,757,5,4482.3448275862065
AGHE,AGHE2,757,1,5840.4285714285725
AGHE,AGHE2,761,2,5222.736842105263
SIGA,SIGA,non_plot,1,6165.803571428572
SIGA,SIGA,non_plot,2,9785.30303030303
SIGA,SIGA,non_plot,3,6224.730569948186
SIGA,SIGA,non_plot,4,6981.828897338402
SIGA,SIGA,non_plot,5,5366.921052631579
SIGA,SIGA,non_plot,6,5656.275510204082
SIGA,SIGA,non_plot,7,7313.469298245614
SIGA,SIGA,non_plot,8,13825.486486486485
NAPU,STPU2,non_plot,1,1672.7508846426042
NAPU,STPU2,non_plot,1,1667.8966737438075
NAPU,STPU2,non_plot,2,1324.0960960960958
NAPU,STPU2,non_plot,4,1034.5400890868598
NAPU,STPU2,non_plot,5,1377.7928286852589
NAPU,STPU2,non_plot,6,1592.3734590282816
NAPU,STPU2,non_plot,7,1462.658376963351
NAPU,STPU2,non_plot,8,4385.863237139272
NAPU,STPU2,non_plot,8,2512.518193224593
BRHO,BRHO2,non_plot,1,11554.085106382978
BRHO,BRHO2,non_plot,2,24586.661764705885
BRHO,BRHO2,non_plot,3,12828.140350877193
BRHO,BRHO2,non_plot,4,6765.028089887641
BRHO,BRHO2,non_plot,5,7540.657894736842
BRHO,BRHO2,non_plot,6,16690.507462686568
BRHO,BRHO2,non_plot,7,10190.99504950495
BRHO,BRHO2,non_plot,8,13593.131578947368
TRAL,TRAL5,non_plot,1,2118.7261904761904
TRAL,TRAL5,non_plot,2,1639.2704918032784
TRAL,TRAL5,non_plot,3,7515
TRAL,TRAL5,non_plot,4,2657.9324324324325
TRAL,TRAL5,non_plot,5,1547.9473684210527
TRAL,TRAL5,non_plot,6,5098.8823529411775
TRAL,TRAL5,non_plot,7,2990.815789473684
TRAL,TRAL5,non_plot,8,2237.762376237624
LARA,LARA,non_plot,1,1055.6875
LOTUS2,LOST4,non_plot,1,2022.1724137931037
LOTUS2,LOST4,non_plot,2,953.1698113207548
LOTUS2,LOST4,non_plot,3,7995.1746031746025
LOTUS2,LOST4,non_plot,5,1793.7333333333333
LOTUS2,LOST4,non_plot,6,3549.8999999999996
LOTUS2,LOST4,non_plot,7,2758.431372549019
LOTUS2,LOST4,non_plot,8,3618.2999999999997
NA,GAAP2,non_plot,3,NA
NA,LOST4,non_plot,4,NA
NA,STPU2,non_plot,3,NA
NA,LARA,non_plot,all roots,NA
NA,AGHE2,comp,3,NA
